emp_id,emp_name,age,city,dept_id,hire_date
1,Neha Singh,30,Mumbai,4,2021-05-27
2,Neha Pandey,48,Pune,6,2021-01-19
3,Deepak Kumar,50,Delhi,7,2020-05-17
4,Sachin Nair,26,Mumbai,9,2020-01-07
5,Sachin Kapoor,50,Pune,6,2022-06-06
6,Ashish Patil,43,Pune,9,2019-05-27
7,Meena Jain,42,Hyderabad,8,2019-12-20
8,Ashish Kapoor,47,Pune,3,2022-12-01
9,Swati Jain,43,Pune,9,2020-11-26
10,Sachin Saxena,32,Bangalore,30,2022-12-12
11,Rahul Tiwari,39,Mumbai,5,2021-04-26
12,Simran Mehta,27,Mumbai,1,2020-05-16
13,Neha Verma,24,,1,2018-03-25
14,Amit Patil,21,Mumbai,1,2022-06-15
15,Simran Gupta,44,Dlhi,5,2019-11-22
16,Meena Sharma,49,Hyderabad,7,2022-11-02
17,Swati Gupta,47,mumbai,8,2022-06-03
17,Swati Gupta,47,mumbai,8,2022-06-03
18,Arjun Kumar,48,Pune,5,2019-06-21
19,Swati Arora,22,Chennai,3,2018-11-27
20,Kavita Mehta,,Mumbai,4,2019-04-22
21,Deepak Singh,40,Hyderabad,5,2021-11-02
22,Ritu Jain,26,Delhi,2,2019-05-09
23,,42,,5,2021-01-01
24,Vikas Yadav,,Mumbai,10,2018-04-15
25,Ritu Kumar,21,Delhi,2,2021-06-04
26,Sneha Reddy,34,Bangalore,5,2019-02-11
27,Amit Mishra,39,Chennai,1,2019-08-06
28,Amit Patil,27,chennai,6,2020-03-13
29,Deepak Gupta,24,Pune,6,2021-08-05
30,Vikas Yadav,22,delhi,8,2019-08-19
31,Sneha Mishra,36,Bangalore,7,2023-03-24
32,Meena Reddy,34,Mumbai,2,2021-04-14
33,Ashish Mehta,34,Mumbai,2,2023-02-10
34,Neha Gupta,42,Pune,3,2020-12-09
35,Priya Mehta,43,pune,3,2023-01-07
36,Kavita Mishra,46,Mumbai,3,2020-08-13
37,Deepak Sharma,37,Pune,5,2020-04-09
38,Ankit Arora,43,Pune,2,2022-04-09
39,Simran Kapoor,49,Pune,1,2019-10-03
40,Deepak Kumar,21,Pune,4,2022-02-02
41,Ashish Saxena,47,Mumbai,4,2019-07-16
42,Ashish Pandey,34,Hyderabad,9,2021-03-05
43,Kavita Mishra,38,Delhi,2,2022-03-26
44,Ashish Iyer,,Bangalore,2,2021-06-10
45,Sneha Nair,47,Pune,3,2018-04-21
46,Kavita Iyer,30,Pune,1,2020-01-21
47,Neha Kapoor,30,Hyderabad,3,2020-09-17
48,Nikita Reddy,46,Bangalore,7,2020-11-27
49,Rahul Kumar,25,Pune,2,2019-09-23
50,Neha Kaur,24,Hyderabad,7,2022-10-21
51,Sneha Yadav,36,Delhi,5,2020-08-02
52,Arjun Mishra,24,Mumbai,8,2019-01-24
53,Sneha Nair,41,Mumbai,6,2019-07-29
54,Swati Kumar,45,Chennai,5,2020-12-25
55,Swati Singh,49,Pune,8,2018-06-29
56,Kavita Tiwari,26,Mumbai,7,2018-01-18
57,Nikita Tiwari,41,Hyderabad,6,2019-10-10
58,Rohit Iyer,25,Mumbai,5,2018-07-02
59,Manish Yadav,32,,10,2018-05-07
60,Arjun Nair,31,Pune,2,2019-11-24
61,Swati Chauhan,40,Delhi,9,2022-09-12
62,Swati Saxena,33,Hyderabad,8,2018-13-09
63,Ritu Chauhan,39,New delhi,9,2023-02-18
64,Kavita Singh,24,,4,2018-12-21
65,Amit Gupta,,Delhi,8,2019-05-10
66,Rahul Iyer,,Delhi,9,2023-02-25
67,Amit Kumar,,Hyderabad,9,2018-08-27
68,Simran Mehta,31,Delhi,7,2023-01-26
69,Sachin Kumar,47,Chennai,4,2018-12-22
70,Vikas Yadav,31,Pune,2,2021-02-25
71,Pooja Iyer,28,Hyderabad,3,2021-12-02
72,,33,Hyderabad,3,2021-07-04
73,Amit Jain,48,Pune,3,2021-05-09
74,Manish Verma,50,Delhi,2,2021-11-07
75,Deepak Reddy,29,Mumbai,9,2021-03-11
76,Rahul Arora,42,Chennai,5,2023-04-18
77,Amit Yadav,37,Bangalore,4,2020-05-30
78,Arjun Nair,33,Pune,5,2021-06-13
79,Rohit Pandey,31,Mumbai,3,2020-01-27
80,Swati Iyer,25,Hyderabad,5,2022-11-16
81,Rohit Kapoor,21,bangalore,6,2018-04-30
82,Manish Kapoor,23,Chennai,1,2019-08-02
83,Ashish Pandey,44,Mumbai,10,2020-07-04
84,Ankit Singh,48,Mumbai,4,2021-06-20
85,Manish Pandey,27,Pune,5,2021-09-25
86,Simran Gupta,35,Chennai,8,2023-05-23
86,Simran Gupta,35,Chennai,8,2023-05-23
87,Vikas Reddy,49,mumbai,9,2021-10-13
88,Amit Verma,24,Pune,6,2020-30-02
89,Meena Pandey,,Pune,1,2018-09-22
90,Arjun Yadav,30,hyderabad,2,2021-08-06
91,Nikita Kapoor,22,Chennai,5,2020-08-27
92,Neha Kapoor,32,Bangalore,6,2020-01-15
93,Ankit Iyer,22,Hyderabad,1,2019-12-17
94,Nikita Verma,45,Delhi,7,2019-05-07
95,Kavita Nair,47,Delhi,3,2019-08-27
96,Amit Verma,33,Hyderabad,6,2018-08-16
97,Swati Singh,33,,5,2021-06-32
98,Simran Verma,46,Hyderabad,7,2018-09-23
99,Deepak Patil,34,Hyderabad,8,2018-11-29
100,Meena Saxena,26,Bangalore,7,2021-03-12
101,Ankit Mishra,28,Mumbai,1,2022-08-09
102,Vikas Saxena,50,Pune,10,2019-06-20
103,Ankit Kaur,35,Pune,4,2021-02-12
104,Nikita Nair,49,Bangalore,7,2018-08-28
105,Ritu Saxena,47,hydbd,10,2023-04-13
106,Sneha Kapoor,26,Mumbai,8,2021-12-21
107,Kavita Arora,41,Bangalore,5,2021-10-04
108,Manish Sharma,21,Delhi,6,2019-10-23
109,Swati Tiwari,46,Mumbai,10,2020-09-10
110,Vikas Saxena,,Pune,8,2018-10-14
111,Neha Sharma,21,Pune,10,2019-02-21
112,Simran Saxena,39,Bangalore,8,2020-08-11
113,Ankit Singh,32,Hyderabad,3,2023-01-07
114,Simran Kapoor,35,Chennai,5,2021-04-18
115,Rohit Kumar,32,Delhi,4,2022-01-28
116,Swati Nair,50,hyderabad,4,2018-01-03
117,Swati Singh,33,Chennai,1,2018-01-22
118,Sneha Mehta,23,Hyderabad,3,2018-10-20
119,Deepak Singh,49,Pune,5,2019-08-10
120,Amit Kapoor,26,mumbai,8,2023-03-10
121,Rohit Verma,28,Pune,6,2021-07-24
122,Priya Mehta,31,Mumbai,2,2020-02-03
123,Rahul Kumar,34,Chennai,4,2019-09-28
124,Nikita Sharma,48,Bangalore,1,2018-10-08
125,Meena Arora,49,Pune,2,2018-01-15
126,Rahul Gupta,39,Chennai,9,2018-09-22
127,Rahul Kaur,23,Chennai,7,2019-03-07
128,Ritu Verma,38,Bangalore,3,2020-12-15
129,Pooja Verma,44,Pune,5,2021-06-14
130,Nikita Mehta,42,Hyderabad,2,2021-01-05
131,Manish Gupta,35,Mumbai,4,2018-04-08
132,Sneha Mehta,32,Hyderabad,6,2020-30-02
133,Simran Verma,26,Mumbai,2,2021-08-13
134,Priya Arora,,Delhi,7,2018-01-04
135,Rohit Chauhan,46,Mumbai,4,2023-05-31
136,Sachin Reddy,33,Pune,7,2018-12-21
137,Ritu Reddy,31,Pune,10,2018-01-17
138,Ankit Arora,48,Pune,8,2020-12-08
139,Ankit Nair,27,Bangalore,9,2022-12-26
140,Rohit Kumar,35,Mumbai,9,2018-07-09
141,Sneha Nair,49,hyderabad,5,2019-04-22
142,Kavita Chauhan,37,Mumbai,9,2019-07-24
143,Swati Jain,50,Chennai,1,2022-05-23
144,Meena Yadav,22,Bangalore,3,2020-07-04
145,Neha Yadav,49,Chennai,6,2018-01-24
146,Ritu Kaur,43,Chennai,2,2021-09-07
147,Kavita Verma,,Delhi,4,2023-06-22
148,Ashish Kapoor,39,Chennai,1,2018-06-07
149,Rohit Sharma,29,,10,2018-02-10
150,Sneha Jain,26,Chennai,4,2019-03-22
151,Kavita Saxena,24,Hyderabad,4,2018-04-07
152,Rohit Kaur,26,Mumbai,10,2019-02-14
153,Simran Reddy,25,Delhi,4,2018-08-05
154,Sneha Iyer,23,Mumbai,10,2019-09-19
155,Sneha Reddy,30,,8,2020-10-23
156,Arjun Saxena,40,Bangalore,2,2023-05-04
157,Nikita Nair,23,Mumbai,10,2018-10-21
158,Meena Sharma,25,Mumbai,4,2018-08-02
159,Manish Tiwari,46,Mumbai,1,2022-02-04
160,Neha Sharma,37,bangalore,4,2019-05-12
161,,39,Pune,9,2023-04-26
162,Amit Sharma,43,Mumbai,9,2023-02-06
163,Ankit Mehta,44,Mumbai,3,2021-10-25
164,Amit Sharma,21,Chennai,10,2018-01-06
165,Simran Tiwari,45,Mumbai,2,2018-12-11
166,Rohit Singh,29,Bangalore,3,2022-11-23
167,Manish Chauhan,24,Mumbai,6,2022-01-03
168,,43,Pune,4,2022-07-16
169,Nikita Arora,33,Delhi,8,2019-08-14
170,Priya Arora,26,Chennai,4,2022-11-16
171,  Pooja Sharma,39,Chennai,3,2021-12-17
172,Neha Verma,29,Delhi,3,2018-11-18
173,Meena Patil,48,Chennai,7,2019-08-13
174,Simran Sharma,47,bangalore     ,8,2022-12-11
175,Sachin Iyer,37,delhi,9,2019-03-20
176,Ritu Mehta,26,Hyderabad,3,2022-01-07
177,Nikita Mehta,40,Delhi,5,2021-07-09
178,Vikas Tiwari,39,Hyderabad,10,2023-02-18
179,Manish Tiwari,32,,8,2020-03-26
180,Swati Gupta,26,Hyderabad,4,2018-08-03
181,Ankit Jain,44,   Chennai,6,2021-02-01
182,Amit Saxena,24,Chennai,7,2020-05-12
183,Swati Mishra,21,Bangalore,1,2018-11-29
184,Swati Patil,30,Delhi,6,2018-04-12
185,Pooja Tiwari,25,Bangalore,8,2020-11-15
186,Nikita Kapoor,50,Hyderabad,7,2022-07-22
187,Vikas Singh,36,Hyderabad,10,2018-06-15
188,  Ritu Chauhan,,Bangalore,8,2022-08-30
189,Nikita Patil,21,Chennai,5,2022-01-01
190,Amit Reddy,33,Delhi,7,2022-07-14
191,Sachin Jain,48,Pune,4,2018-02-14
192,Rohit Nair,43,Bangalore,7,2021-04-16
193,,30,Mumbai,4,2020-04-11
194,Neha Arora,25,bangalore,8,2020-03-31
195,Meena Jain,49,Mumbai,5,2019-03-04
196,,27,Hyderabad,7,2018-04-13
197,Rahul Mehta,28,Mumbai,2,2018-07-30
198,Sachin Jain,27,Bangalore,5,2020-12-10
199,Meena Iyer,25,Chennai,1,2022-12-14
200,Ritu Kumar,30,Mumbai,5,2020-01-19
201,Ritu Verma,37,Bangalore,10,2023-05-26
202,Rohit Pandey,42,Bangalore,5,2021-04-02
203,Swati Kaur,44,delhi,8,2018-01-16
204,Nikita Yadav,33,Delhi,10,2022-03-28
205,Priya Arora,37,,8,2023-02-23
206,Amit Chauhan,24,Mumbai,6,2019-04-02
207,Rahul Reddy,24,Bangalore,7,2019-02-04
208,Ritu Pandey,25,Pune,2,2020-01-20
209,Rohit Yadav,26,Pune,9,2019-07-21
210,Nikita Pandey,38,Delhi,4,2019-05-13
211,Ritu Arora,37,,8,2018-10-15
212,Priya Tiwari,37,Hyderabad,7,2021-05-01
213,Sneha Verma,44,Pune,8,2020-08-10
214,Meena Verma,32,Chennai,10,2019-10-20
215,Swati Jain,46,Chennai,3,2023-02-16
216,Sachin Saxena,,Chennai,2,2020-04-01
217,Nikita Mishra,33,,3,2019-01-17
218,Nikita Reddy,43,Delhi,6,2018-03-23
219,,25,Chennai,1,2020-12-08
220,Priya Kaur,43,Mumbai,1,2020-12-29
221,Sachin Chauhan,47,,2,2019-12-20
222,Amit Iyer,33,Delhi,8,2018-07-31
223,Simran Mishra,,Hyderabad,8,2022-05-27
224,Manish Saxena,40,Pune,8,2019-09-23
225,,30,Pune,4,2021-03-27
226,Arjun Patil,23,Bangalore,2,2022-08-12
227,Rahul Gupta,30,mumbai,1,2020-02-25
228,Sneha Singh,49,Chennai,1,2022-04-05
229,Simran Chauhan,39,Chennai,8,2019-12-05
230,Rahul Reddy,23,Bangalore,9,2020-09-03
231,Nikita Sharma,36,Chennai,3,2021-10-07
232,Ashish Patil,29,Hyderabad,1,2022-08-15
233,Ritu Gupta,46,Chennai,6,2023-05-12
234,Ankit Tiwari,46,Bangalore,8,2018-10-12
235,Kavita Mehta,48,Hyderabad,1,2021-07-08
236,Deepak Verma,36,mumbai,4,2022-08-06
237,Nikita Kaur,43,Hyderabad,3,2019-02-27
238,Nikita Mishra,25,Bangalore,4,2019-05-30
239,,33,Delhi,1,2019-12-11
240,Swati Patil,40,delhi,4,2020-07-06
241,,26,Hyderabad,10,2019-08-30
242,Swati Tiwari,30,Chennai,6,2020-10-29
243,Nikita Arora,50,Bangalore,5,2021-03-02
244,Vikas Patil,29,Delhi,8,2019-08-12
245,Pooja Kapoor,30,Chennai,10,2020-12-30
246,Swati Mehta,41,Hyderabad,1,2023-06-18
247,Ashish Arora,38,Bangalore,8,2019-11-07
248,Sneha Chauhan,28,Hyderabad,4,2021-08-26
249,Nikita Mishra,24,Hyderabad,9,2018-11-03
250,Vikas Pandey,50,Hyderabad,1,2020-03-04
251,Ritu Reddy,29,Delhi,1,2022-02-12
252,,45,Bangalore,7,2019-03-30
253,,47,Hyderabad,3,2019-01-31
254,Ritu Iyer,23,Delhi,7,2019-10-26
255,Ankit Kapoor,24,Hyderabad,4,2018-01-29
256,Deepak Singh,23,Mumbai,6,2020-05-01
257,Nikita Iyer,27,Pune,8,2022-12-10
258,Nikita Verma,32,Hyderabad,4,2022-06-26
259,Priya Chauhan,33,Pune,9,2022-08-18
260,Arjun Iyer,40,Mumbai,10,2022-11-19
261,Neha Mehta,45,Hyderabad,2,2021-04-27
262,Manish Sharma,27,Bangalore,8,2019-01-15
263,Rohit Chauhan,39,Bangalore,10,2018-04-24
264,Manish Sharma,35,Pune,6,2022-05-05
265,Ankit Yadav,35,Hyderabad,2,2022-10-16
266,Deepak Chauhan,,Bangalore,5,2021-02-28
267,Neha Sharma,27,,9,2023-02-12
268,Amit Patil,42,delhi,7,2023-03-13
269,Ankit Kaur,30,Delhi,7,2022-05-13
270,Rohit Nair,46,Pune,7,2019-03-29
271,Rohit Mehta,28,,4,2018-10-29
272,Sneha Verma,28,Delhi,5,2022-11-09
273,Kavita Sharma,36,Hyderabad,7,2022-03-06
274,,31,Pune,2,2021-05-03
275,Priya Chauhan,49,Mumbai,3,2023-04-12
276,Sneha Gupta,24,Pune,8,2022-05-01
277,Ashish Kaur,46,Bangalore,9,2022-12-20
278,Manish Singh,21,Pune,5,2023-03-25
279,Ankit Sharma,39,Chennai,10,2021-09-24
280,Vikas Yadav,29,Hyderabad,9,2023-01-07
281,Pooja Tiwari,50,mumbai,3,2018-11-18
282,Arjun Arora,42,Hyderabad,7,2019-11-15
283,Rahul Saxena,38,Mumbai,7,2022-09-05
284,Sachin Iyer,46,Chennai,10,2023-04-24
285,Amit Jain,30,mumbai,6,2018-04-12
286,Deepak Reddy,40,Pune,2,2020-12-10
287,Rohit Kaur,38,Hyderabad,9,2019-12-07
288,Rohit Pandey,31,Mumbai,7,2020-01-01
289,Swati Iyer,34,Chennai,4,2022-01-28
290,Ashish Jain,48,Hyderabad,8,2021-10-23
291,Simran Iyer,31,Bangalore,6,2018-01-07
292,Deepak Arora,33,Delhi,1,2020-11-22
293,Rohit Verma,49,Chennai,8,2022-03-05
294,Nikita Sharma,27,Bangalore,4,2021-12-31
295,Simran Reddy,,Hyderabad,1,2022-03-13
296,Deepak Pandey,32,Hyderabad,1,2023-05-11
297,Ankit Saxena,47,Chennai,6,2020-03-14
298,Nikita Kaur,30,Chennai,5,2022-08-02
299,Ankit Kaur,23,Mumbai,3,2023-03-07
300,Sneha Chauhan,36,Mumbai,2,2020-05-02
301,Nikita Nair,45,Bangalore,4,2021-03-26
302,Meena Jain,34,Pune,3,2022-08-26
303,,35,Bangalore,5,2019-01-30
304,Deepak Yadav,46,Mumbai,10,2020-06-06
305,Meena Kumar,22,Pune,4,2021-07-14
306,Ankit Verma,31,Pune,10,2021-03-29
307,Nikita Kumar,41,Bangalore,7,2019-03-21
308,Rahul Mishra,37,Bangalore,1,2018-08-30
309,Sneha Tiwari,26,Bangalore,4,2019-09-05
310,Priya Kapoor,46,Chennai,2,2020-12-14
311,Sachin Patil,31,Hyderabad,5,2022-02-20
312,Rahul Mishra,26,Delhi,10,2018-08-30
313,Deepak Kaur,36,Chennai,5,2018-05-21
314,Ankit Gupta,36,Pune,7,2018-07-17
315,Ritu Chauhan,22,Chennai,1,2019-09-05
316,Kavita Kapoor,32,Hyderabad,9,2019-05-30
317,Amit Pandey,34,Hyderabad,7,2023-01-27
318,,,mumbai,8,2020-02-17
319,Meena Iyer,43,Bangalore,6,2018-08-27
320,Arjun Chauhan,23,Chennai,9,2022-07-27
321,,21,Chennai,6,2018-04-01
322,Priya Singh,27,Pune,2,2022-05-19
323,,39,Pune,8,2021-11-11
324,Pooja Kaur,42,Delhi,1,2018-03-05
325,Meena Mehta,34,Mumbai,1,2019-05-24
326,Neha Singh,21,Pune,10,2020-08-25
327,Ankit Kaur,38,Mumbai,10,2021-05-18
328,Pooja Yadav,48,Hyderabad,2,2021-01-11
329,Ankit Saxena,29,,9,2019-04-10
330,Vikas Jain,22,Pune,7,2021-06-19
331,Rahul Kaur,25,Delhi,1,2018-09-06
332,Arjun Mishra,21,Pune,10,2022-09-28
333,Ashish Yadav,31,Pune,6,2019-09-02
334,Rahul Chauhan,31,Chennai,8,2023-04-15
335,Deepak Reddy,45,Bangalore,10,2022-06-08
336,Nikita Iyer,33,Pune,10,2021-06-25
337,Vikas Yadav,36,bangalore,10,2019-04-23
338,Arjun Tiwari,31,,3,2018-07-07
339,Manish Yadav,40,Delhi,2,2022-09-23
340,Sachin Jain,32,Pune,5,2022-11-17
341,Meena Arora,37,Delhi,1,2023-03-14
342,Deepak Nair,24,mumbai,8,2022-06-14
343,Neha Kumar,46,Hyderabad,9,2018-09-12
344,Vikas Kapoor,23,Hyderabad,1,2019-05-01
345,Deepak Arora,32,Hyderabad,5,2022-02-05
346,Priya Reddy,34,mumbai,5,2020-07-10
347,Ankit Sharma,,Hyderabad,8,2019-08-08
348,Pooja Tiwari,29,Pune,5,2018-01-30
349,Simran Reddy,28,Chennai,7,2020-05-10
350,Deepak Jain,30,Delhi,8,2020-10-15
351,Rohit Singh,21,Mumbai,9,2020-05-06
352,Ashish Saxena,43,pune,3,2019-10-14
353,Ashish Patil,45,Pune,6,2018-12-14
354,Meena Sharma,50,Chennai,5,2019-02-27
355,Neha Sharma,49,Bangalore,4,2019-04-25
356,Priya Verma,30,Mumbai,5,2021-10-30
357,Neha Pandey,36,,9,2020-08-17
358,Kavita Kapoor,36,Pune,5,2020-12-29
359,Ankit Mehta,48,Chennai,9,2019-12-12
360,Vikas Singh,,Chennai,2,2023-05-04
361,Simran Sharma,29,Delhi,4,2018-07-14
362,Arjun Gupta,37,Bangalore,10,2023-06-20
363,Ritu Tiwari,50,Hyderabad,7,2020-07-17
364,Ashish Chauhan,48,Pune,1,2019-01-15
365,Ashish Kaur,25,Hyderabad,5,2018-04-20
366,Rahul Mishra,30,Pune,7,2020-02-26
367,Meena Kaur,21,Chennai,7,2022-01-06
368,,25,Chennai,4,2021-04-14
369,Priya Jain,48,Bangalore,2,2020-08-03
370,Manish Chauhan,25,pune,2,2020-09-01
371,Arjun Nair,24,,8,2021-05-30
372,Sachin Chauhan,43,Pune,5,2020-06-02
373,Amit Verma,44,Chennai,2,2021-11-04
374,Amit Nair,34,Chennai,10,2019-02-19
375,Kavita Sharma,37,Hyderabad,9,2022-04-24
376,Sachin Patil,39,Mumbai,2,2018-10-05
377,Rahul Kaur,22,Hyderabad,8,2020-01-04
378,Meena Singh,42,Pune,3,2018-09-14
379,Kavita Jain,47,Delhi,5,2019-06-21
380,Deepak Yadav,39,Pune,8,2022-11-21
381,Ashish Singh,27,Chennai,9,2020-10-05
382,Sachin Singh,47,Bangalore,1,2022-04-13
383,Neha Iyer,23,Pune,6,2018-04-01
384,Vikas Jain,22,Hyderabad,8,2021-12-05
385,Simran Pandey,44,Pune,7,2021-06-25
386,Rahul Mishra,38,Mumbai,1,2020-06-09
387,Simran Kapoor,,Pune,4,2018-08-13
388,Amit Kapoor,43,Pune,5,2021-06-26
389,Ankit Kapoor,28,Pune,7,2019-10-31
390,Sneha Mehta,48,chennai,7,2018-01-16
391,,31,Mumbai,9,2021-10-01
392,Sachin Yadav,50,delhi,6,2023-04-30
393,Sneha Nair,21,mumbai,8,2018-04-05
394,Deepak Kapoor,30,Pune,6,2019-04-28
395,,44,Hyderabad,1,2022-05-10
396,Nikita Pandey,38,Chennai,6,2023-05-22
397,Kavita Singh,30,Mumbai,2,2022-10-29
398,Priya Mehta,27,delhi,3,2018-10-19
399,Simran Mishra,48,Delhi,5,2020-08-01
400,Sachin Reddy,41,chennai,8,2022-03-20
401,Ritu Gupta,38,,10,2023-03-04
402,Amit Yadav,33,Pune,2,2023-02-01
403,Arjun Tiwari,50,Delhi,4,2021-09-10
404,Rohit Arora,50,Pune,5,2023-02-09
405,Ankit Arora,21,mumbai,4,2022-02-16
406,Vikas Saxena,29,Pune,4,2020-04-11
407,Manish Verma,46,Pune,8,2021-12-21
408,Vikas Reddy,22,Delhi,6,2020-01-21
409,Amit Pandey,24,Delhi,8,2022-11-05
410,Amit Verma,32,bangalore,2,2019-10-26
411,Nikita Tiwari,49,Pune,1,2021-02-19
412,Sneha Pandey,22,Pune,10,2019-10-25
413,Arjun Gupta,37,Chennai,7,2021-09-14
414,Ankit Yadav,49,Hyderabad,2,2021-10-07
415,Meena Mishra,25,Chennai,9,2020-07-09
416,Kavita Iyer,31,Bangalore,8,2022-08-26
417,Ritu Nair,24,chennai,7,2020-07-27
418,Deepak Sharma,26,delhi,6,2019-03-01
419,Sachin Reddy,35,Bangalore,6,2022-12-18
420,Meena Chauhan,,Bangalore,4,2019-08-09
421,Meena Singh,23,Delhi,6,2020-01-21
422,Kavita Saxena,28,Bangalore,2,2022-09-21
423,Nikita Arora,35,Bangalore,2,2021-12-21
424,Neha Reddy,43,Chennai,8,2018-09-07
425,,23,Pune,3,2019-10-20
426,Simran Saxena,49,Mumbai,8,2021-04-21
427,Ritu Iyer,41,Pune,1,2019-08-16
428,Arjun Gupta,,Chennai,2,2019-09-21
429,,43,Pune,7,2021-10-24
430,Nikita Kaur,40,Hyderabad,2,2022-02-14
431,Nikita Kumar,37,Hyderabad,9,2022-04-08
432,Sachin Mehta,23,Chennai,2,2019-11-19
433,Vikas Tiwari,23,Pune,4,2020-09-18
434,Ritu Yadav,45,Hyderabad,6,2019-12-18
435,Manish Saxena,44,Hyderabad,5,2018-05-08
436,Arjun Kapoor,28,Hyderabad,5,2018-01-08
437,Pooja Mishra,21,Mumbai,5,2022-08-03
438,,33,Pune,4,2019-07-28
439,Sachin Sharma,24,Mumbai,2,2023-04-07
440,Arjun Kaur,,Bangalore,5,2019-05-31
441,Sneha Kumar,45,Pune,6,2019-02-03
442,Simran Jain,50,Mumbai,9,2021-08-30
443,Sneha Yadav,49,Chennai,3,2022-02-05
444,Ankit Mehta,38,Hyderabad,1,2018-10-22
445,Rahul Tiwari,25,bangalore,4,2021-09-29
446,Meena Kapoor,40,Mumbai,5,2021-01-24
447,Manish Gupta,47,Delhi,5,2021-06-11
448,Priya Verma,41,Delhi,5,2019-06-14
449,Ashish Arora,32,Pune,1,2023-06-24
450,Arjun Verma,37,Hyderabad,7,2022-03-12
451,Manish Gupta,36,Chennai,6,2019-03-25
452,Nikita Mehta,42,Bangalore,4,2021-01-13
453,Neha Iyer,45,Pune,5,2018-08-04
454,Pooja Arora,44,pune,6,2018-06-16
455,Rohit Kaur,42,Delhi,3,2018-05-13
456,Simran Arora,47,Chennai,4,2022-01-06
457,Amit Verma,26,NULL,5,2023-01-04
458,Priya Jain,27,Bangalore,7,2020-04-28
459,Sachin Saxena,22,hyderabad,4,2019-11-05
460,Neha Kaur,,Pune,9,2020-05-30
461,Rahul Jain,31,Hyderabad,3,2022-12-03
462,Priya Chauhan,33,pune,2,2019-01-14
463,Manish Arora,32,chennai,6,2023-03-11
464,NULL,40,Chennai,3,2023-03-19
465,Ankit Saxena,46,Bangalore,5,2020-06-09
466,Ankit Yadav,,Hyderabad,1,2018-04-01
467,Amit Nair,48,Mumbai,4,2018-06-13
468,Sachin Chauhan,22,,8,2023-06-22
469,Rohit Chauhan,,,6,2021-08-16
470,Sneha Chauhan,22,Pune,7,2018-09-18
471,,,Chennai,8,2018-10-26
472,Kavita Singh,38,Delhi,5,2021-09-28
473,Neha Yadav,31,Delhi,10,2020-06-08
474,Nikita Singh,40,,5,2022-06-20
475,Manish Saxena,28,Pune,8,2020-01-15
476,Priya Mishra,40,delhi,4,2021-08-04
477,Priya Mehta,39,Pune,3,2020-08-27
478,Manish Patil,47,Delhi,5,2022-07-09
479,Ritu Iyer,24,Hyderabad,9,2020-10-14
480,,30,Hyderabad,4,2019-03-02
481,Rohit Iyer,27,Bangalore,2,2019-03-30
482,Priya Singh,49,Delhi,8,2018-05-23
483,Pooja Iyer,46,Pune,7,2021-11-03
484,Priya Mishra,26,Hyderabad,8,2022-03-12
485,Swati Kumar,36,Hyderabad,7,2021-10-23
486,Meena Sharma,22,delhi,10,2020-08-23
487,Arjun Kapoor,40,Mumbai,8,2022-06-16
488,Neha Patil,41,Hyderabad,9,2021-03-10
489,Ashish Mehta,49,Pune,4,2019-08-30
490,Arjun Mehta,34,Hyderabad,10,2020-01-29
491,Swati Kapoor,47,Mumbai,6,2019-02-20
492,Ankit Kapoor,44,delhi,4,2019-05-14
493,Vikas Mehta,21,,4,2019-02-14
494,Amit Reddy,49,,8,2019-02-19
495,Neha Reddy,40,Delhi,3,2023-01-13
496,Nikita Tiwari,41,Delhi,5,2018-12-12
497,Kavita Kumar,30,bangalore,3,2020-03-01
498,Pooja Kumar,50,Pune,3,2022-04-04
499,Ritu Iyer,30,Delhi,8,2020-10-18
500,Amit Sharma,33,Delhi,9,2019-02-28
418,Deepak Sharma,26,delhi,6,2019-03-01
176,Ritu Mehta,26,Hyderabad,3,2022-01-07
313,Deepak Kaur,36,NULL,5,2018-05-21
449,Ashish Arora,32,Pune,1,2023-06-24
231,NULL,36,Chennai,3,2021-10-07
124,Nikita Sharma,48,Bangalore,1,2018-10-08
26,Sneha Reddy,34,Bangalore,5,2019-02-11
461,Rahul Jain,31,Hyderabad,3,2022-12-03
202,Rohit Pandey,42,Bangalore,5,2021-04-02
37,Deepak Sharma,37,Pune,5,2020-04-09
183,Swati Mishra,21,Bangalore,1,2018-11-29
89,Meena Pandey,,Pune,1,2018-09-22
321,,21,Chennai,6,2018-04-01
465,Ankit Saxena,46,Bangalore,5,2020-06-09
480,,30,Hyderabad,4,2019-03-02
371,Arjun Nair,24,,8,2021-05-30
106,Sneha Kapoor,26,Mumbai,8,2021-12-21
290,Ashish Jain,48,Hyderabad,8,2021-10-23
22,Ritu Jain,26,Delhi,2,2019-05-09
198,Sachin Jain,27,NULL,5,2020-12-10
