salary_id,emp_id,salary,salary_date
1,463,-116625,2023-11-09
2,444,34993,2023-08-06
3,142,-100691,2023-06-15
4,276,101787,2023-02-08
5,181,49154,2023-02-01
6,62,73219,2023-10-10
7,399,56981,2023-02-28
8,378,43384,2023-11-02
9,123,70257,2023-02-10
10,497,71125,2023-11-22
10,497,71125,2023-11-22
11,365,52461,2023-12-04
12,230,93757,2023-03-09
13,164,53324,2023-07-02
14,220,64448,2023-11-11
15,168,77415,1905-07-15
16,368,51960,2023-25-08
17,35,11112384,2023-02-18
18,35,118151,2023-01-21
19,496,115685,2023-07-08
20,419,88872,2023-05-06
21,406,109643,2023-06-16
22,150,44878,2023-06-05
23,100,-62840,2023-03-15
24,268,40481,2023-05-29
25,470,65572,2023-10-28
26,422,63109,2023-02-02
27,53,114919,2023-08-05
28,435,49213,2023-06-20
29,73,103845,2023-09-04
30,484,75543,2023-07-22
31,305,35766,2023-09-10
32,48,86207,2023-07-29
33,400,103487,2023-07-12
34,149,51856,2023-05-08
35,339,47812,2023-10-22
36,405,103143,2023-08-12
37,262,11110578,2023-11-28
38,431,63393,2023-05-22
39,439,44359,2023-01-06
40,250,64055,2023-04-26
41,73,101530,2023-06-10
42,323,87552,2023-10-30
43,30,-111588,2023-03-02
44,389,100305,2023-09-07
45,206,95549,2023-09-19
46,28,84253,2023-12-30
47,232,41137,2023-01-29
48,112,82376,2023-07-11
49,472,93167,2023-04-29
50,34,118955,2023-07-07
51,33,34944,2023-11-07
52,105,115169,2023-09-19
53,37,36828,2023-02-02
54,452,67763,2023-03-22
55,368,73369,2023-09-25
56,54,-92262,2023-11-15
57,439,44584,2023-05-05
58,363,95809,2023-01-23
59,434,50964,2023-01-21
60,310,-67191,2023-07-06
61,464,84662,2023-03-13
62,202,30357,2023-03-24
63,320,66127,2023-07-23
63,320,66127,2023-07-23
64,317,99301,2023-08-13
65,412,50482,2023-11-30
66,450,70035,2023-05-09
67,447,104144,2023-07-06
68,17,33748,2023-03-21
69,308,35624,2023-05-23
70,67,114144,2023-03-21
71,440,103598,2023-11-20
72,277,74487,2023-03-12
73,247,91968,2023-09-05
74,69,58220,2023-12-26
75,183,-55653,2023-04-01
76,105,67282,2023-06-09
77,472,117444,2023-07-13
78,417,55977,2023-06-02
79,409,33944,2023-06-13
80,11,45496,2023-01-01
81,168,-68585,2023-01-30
82,261,104881,2023-04-13
83,12,60707,2023-12-17
84,388,86355,2023-07-03
85,126,-46481,2023-12-19
86,250,68004,2023-01-20
87,214,48170,2023-11-27
88,342,91687,2023-06-08
89,491,79923,2023-12-13
90,412,41747,2023-09-10
91,107,36502,2023-12-26
92,171,51126,2023-02-22
93,149,77045,2023-03-21
94,38,36227,2023-12-09
95,144,38389,2023-01-02
96,494,90495,2023-04-27
97,99,44017,2023-06-27
98,496,109400,2023-01-13
99,463,64706,2023-02-25
100,206,-102649,2023-03-09
101,355,48258,2023-10-15
102,58,42341,2023-04-22
103,419,90810,2023-12-09
104,233,61066,2023-10-24
105,306,70695,2023-07-13
106,413,79982,2023-07-24
107,321,108495,2023-05-02
108,445,45198,2023-04-24
109,126,116277,2023-07-14
110,319,71031,2023-03-15
111,282,100595,2023-11-29
112,76,-71692,2023-09-28
113,249,105871,2023-10-09
114,43,104267,2023-06-15
115,243,55335,2023-04-26
116,433,-73831,2023-06-27
117,450,90002,2023-05-01
118,124,33111,2023-09-30
119,400,60545,2023-04-13
120,277,102793,2023-08-22
121,43,-76512,2023-02-24
122,486,81989,2023-04-22
123,324,-81384,2023-07-29
124,244,80942,2023-10-02
125,432,118391,2023-02-19
126,339,30480,2023-01-05
127,138,117260,2023-09-02
128,413,112680,2023-11-13
129,88,98377,2023-07-13
130,37,54210,2023-01-12
131,234,45818,2023-07-03
132,475,98764,2023-10-27
133,142,53288,2023-10-12
134,154,85880,2023-09-21
135,18,87292,2023-11-27
136,345,36605,2023-06-10
137,200,35686,2023-07-04
138,390,118533,2023-02-19
139,288,42879,2023-02-04
140,137,105822,2023-04-30
141,2,84999,2023-03-26
142,5,79822,2023-11-22
143,56,110209,2023-10-30
144,67,31017,2023-03-21
145,470,70813,2023-09-25
146,372,55029,2023-07-12
147,226,-42771,2023-07-02
148,407,49299,2023-06-05
149,288,74433,2023-11-09
150,281,113840,2023-12-12
151,85,67291,2023-06-06
152,39,100998,2023-04-20
153,70,71011,2023-10-28
154,166,57238,2023-01-23
155,126,41029,2023-07-24
156,139,106616,2023-04-14
157,32,65058,2023-07-22
158,47,40246,2023-05-02
159,195,75243,2023-12-14
160,165,37183,2023-06-19
161,497,34848,2023-04-02
162,28,105339,2023-05-13
163,448,114913,2023-01-29
164,326,118311,2023-10-22
165,489,74648,2023-03-18
166,204,107918,2023-05-24
167,74,112025,2023-09-14
168,103,68897,2023-06-08
169,260,102249,2023-08-25
170,432,59578,2023-06-21
171,85,99824,2023-02-17
172,499,32902,2023-03-12
173,308,34159,2023-08-16
174,404,85244,2023-10-06
175,177,32617,2023-06-26
176,43,96523,2023-01-03
177,320,97946,2023-01-24
178,113,-94601,2023-06-09
179,337,102250,2023-02-24
180,300,66768,2023-05-20
181,325,54515,2023-03-08
182,198,57101,2023-11-30
183,469,109491,2023-12-06
184,100,117752,2023-12-25
185,434,79713,2023-09-02
186,399,69885,2023-01-31
187,405,35463,2023-01-23
188,273,-58338,2023-07-23
189,280,86549,2023-02-10
190,225,42874,2023-10-05
191,480,62941,2023-06-06
192,268,73571,2023-07-20
193,499,90405,2023-06-16
194,358,116762,2023-12-13
195,52,94715,2023-11-15
196,25,42317,2023-06-10
197,50,97779,2023-07-28
198,200,-38141,2023-09-08
199,32,108086,2023-04-01
200,149,33630,2023-04-07
201,198,53986,2023-09-07
202,483,90601,2023-08-27
203,397,35865,2023-08-18
204,287,49927,2023-01-28
205,255,103110,2023-05-19
206,372,119657,2023-09-09
207,230,86739,2023-09-23
208,64,104740,2023-08-21
209,396,41477,2023-07-19
210,168,71065,2023-10-22
211,191,69814,2023-11-07
212,188,62257,2023-11-29
213,213,111988,2023-05-22
214,36,101845,2023-04-21
215,216,98844,2023-10-16
216,263,77726,2023-09-07
217,69,43681,2023-01-13
218,437,74196,2023-12-09
219,65,97897,2023-07-13
220,318,114209,2023-11-28
221,446,117966,2023-08-03
222,160,-102234,2023-10-15
223,335,72282,2023-06-26
224,36,115312,2023-12-27
225,435,78583,2023-06-01
226,234,98743,2023-09-24
227,87,117619,2023-08-23
228,350,51068,2023-11-02
229,55,61398,2023-10-13
230,493,87775,2023-12-26
231,296,113752,2023-05-11
232,103,69700,2023-05-13
233,107,64757,2023-07-29
234,483,96459,2023-12-03
235,185,86659,2023-10-24
236,179,72604,2023-11-26
237,424,36763,2023-10-20
238,419,58954,2023-10-25
239,158,83074,2023-10-27
240,309,88077,2023-04-07
241,191,32376,2023-09-28
242,164,68651,2023-03-22
243,232,113981,2023-01-25
244,108,118322,2023-07-03
245,315,94280,2023-12-18
246,53,105977,2023-09-15
247,459,67473,2023-07-17
248,428,38575,2023-03-01
249,373,115257,2023-07-17
250,202,102578,2023-06-05
251,429,104474,2023-07-22
252,322,38400,2023-04-12
253,478,54377,2023-05-27
254,235,66153,2023-11-23
255,465,72603,2023-06-22
256,111,110973,2023-04-22
257,42,-87136,2023-02-21
258,39,70496,2023-11-14
259,480,44518,2023-10-01
260,462,40910,2023-01-02
261,156,113974,2023-12-21
262,207,85263,2023-05-26
263,451,91304,2023-10-18
264,94,56087,2023-08-19
265,431,108907,2023-02-27
266,270,86738,2023-02-10
267,247,102112,2023-07-29
268,279,104539,2023-01-13
269,260,30108,2023-12-01
270,498,80026,2023-12-06
271,83,82132,2023-04-29
272,420,103632,2023-10-26
273,188,37717,2023-01-07
274,240,92764,2023-03-26
275,121,95363,2023-12-26
276,115,47113,2023-11-01
277,153,107609,2023-12-22
278,331,107172,2023-08-05
279,410,90511,2023-10-10
280,382,52538,2023-01-09
281,327,84953,2023-02-07
282,343,68016,2023-08-11
283,354,50847,2023-12-03
284,408,37298,2023-10-13
285,413,56409,2023-05-15
286,491,68099,2023-02-13
287,93,96776,2023-04-23
288,118,112761,2023-05-12
289,192,100420,2023-04-27
290,399,45104,2023-05-30
291,150,-108203,2023-09-07
292,157,94563,2023-05-03
293,426,93310,2023-02-15
294,231,116637,2023-01-04
295,5,53963,2023-07-10
296,214,115740,2023-07-19
297,449,69664,2023-01-12
298,203,103713,2023-05-14
299,258,98634,2023-12-13
300,380,91323,2023-07-19
301,147,39298,2023-12-04
302,188,33345,2023-08-02
303,31,92578,2023-10-28
304,321,69967,2023-06-04
305,434,36195,2023-03-17
306,464,113832,2023-08-25
307,41,98840,2023-07-03
308,308,49568,2023-01-19
309,137,50190,2023-10-13
310,379,56302,2023-02-22
311,27,35860,2023-06-10
312,446,43483,2023-04-19
313,436,116636,2023-03-09
314,336,39329,2023-01-14
315,431,86481,2023-07-11
316,429,73741,2023-01-17
317,482,82365,2023-09-10
318,488,107292,2023-02-04
319,27,92437,2023-08-26
320,64,55535,2023-11-26
321,469,31654,2023-02-15
322,223,69762,2023-08-01
323,119,110657,2023-05-05
324,348,94198,2023-04-17
325,384,112894,2023-12-18
326,389,70787,2023-05-12
327,346,50711,2023-05-30
328,23,55442,2023-07-10
329,358,85836,2023-10-14
330,45,-55211,2023-09-21
331,324,72648,2023-12-20
332,9,44922,2023-04-14
333,499,81107,2023-09-13
334,346,115642,2023-11-13
335,276,99896,2023-10-10
336,436,96273,2023-06-08
337,382,88764,2023-05-15
338,219,81874,2023-05-24
339,238,111306,2023-04-09
340,21,81618,2023-12-29
341,237,66178,2023-01-13
342,471,54769,2023-04-16
343,346,83772,2023-03-01
344,313,78595,2023-01-27
345,136,54133,2023-08-22
346,120,70232,2023-01-04
347,49,32862,2023-06-23
348,202,60392,2023-01-20
349,259,61394,2023-06-28
350,341,36214,2023-10-17
351,232,103005,2023-03-28
352,361,88922,2023-02-17
353,364,114890,2023-01-24
354,47,81480,2023-09-11
355,135,119168,2023-03-03
356,131,36583,2023-08-19
357,211,111186,2023-08-07
358,11,53615,2023-11-05
359,341,41666,2023-10-29
360,271,100811,2023-11-17
361,65,-75254,2023-10-12
362,80,37279,2023-09-27
363,492,117307,2023-01-14
364,1,115346,2023-03-09
365,92,39204,2023-04-27
366,28,39293,2023-06-03
367,63,69285,2023-02-15
368,377,52085,2023-02-08
369,488,-119507,2023-06-16
370,65,116827,2023-08-28
371,299,63271,2023-04-07
372,38,92043,2023-09-27
373,475,106354,2023-01-05
374,283,54977,2023-02-26
375,358,109798,2023-06-13
376,26,108104,2023-06-26
377,407,31673,2023-09-11
378,280,115353,2023-08-24
379,486,102208,2023-04-09
380,184,43015,2023-09-05
381,36,69040,2023-05-15
382,12,104608,2023-12-23
383,17,68227,2023-09-02
384,453,75557,2023-04-21
385,248,92417,2023-02-15
386,102,39629,2023-03-02
387,500,40004,2023-05-16
388,173,119201,2023-11-22
389,465,113776,2023-07-03
390,179,33611,2023-03-02
391,122,76716,2023-08-07
392,446,114297,2023-11-08
393,366,117736,2023-02-02
394,8,-74746,2023-07-31
395,53,63387,2023-04-01
396,146,104045,2023-11-02
397,189,46630,2023-12-02
398,414,70372,2023-09-15
399,425,63298,2023-06-09
400,129,42796,2023-03-12
401,202,101679,2023-12-30
402,324,53049,2023-07-25
403,339,87643,2023-10-02
404,418,31119,2023-03-27
405,232,56880,2023-10-19
406,482,91663,2023-03-15
407,69,68571,2023-11-10
408,128,51670,2023-04-03
409,206,98518,2023-01-15
410,23,105803,2023-02-25
411,264,42521,2023-08-19
412,487,85585,2023-02-10
413,468,71071,2023-06-16
414,211,118302,2023-04-15
415,121,-56982,2023-05-24
416,272,109393,2023-08-25
417,2,36210,2023-11-21
418,335,42666,2023-11-04
419,72,56274,2023-08-21
420,457,119432,2023-06-20
421,222,108461,2023-11-08
422,225,41980,2023-06-02
423,36,70484,2023-07-15
424,183,30230,2023-07-25
425,229,75845,2023-04-03
426,493,48364,2023-09-30
427,259,79855,2023-03-26
428,228,35178,2023-12-02
429,48,54404,2023-05-10
430,449,53425,2023-08-29
431,172,84688,2023-10-27
432,195,81189,2023-05-07
433,129,67746,2023-10-03
434,428,116393,2023-05-09
435,75,50047,2023-08-21
436,42,38424,2023-07-14
437,417,70635,2023-07-15
438,37,79271,2023-08-06
439,24,102842,2023-08-07
440,253,84559,2023-11-23
441,494,90912,2023-01-24
442,237,95949,2023-11-09
443,490,96040,2023-05-10
444,114,64200,2023-05-20
445,306,88331,2023-05-26
446,137,94575,2023-03-29
447,329,116375,2023-06-27
448,436,64158,2023-03-20
449,490,41712,2023-01-06
450,483,50268,2023-12-30
451,336,102534,2023-07-22
452,326,106303,2023-04-26
453,217,88903,2023-10-18
454,28,100880,2023-09-30
455,210,53709,2023-03-29
456,339,112071,2023-09-06
457,476,78321,2023-12-03
458,291,111710,2023-01-20
459,450,58211,2023-04-25
460,334,51241,2023-09-10
461,206,74707,2023-02-01
462,336,32939,2023-03-21
463,248,75265,2023-06-10
464,24,82522,2023-12-18
465,264,93013,2023-02-24
466,217,117458,2023-06-25
467,288,72421,2023-03-13
468,379,78091,2023-05-07
469,145,45627,2023-10-02
470,120,57173,2023-04-28
471,377,60730,2023-10-20
472,471,105596,2023-12-01
473,256,114839,2023-11-02
474,256,112000,2023-01-19
475,102,55718,2023-05-04
476,366,110735,2023-02-06
477,78,-50926,2023-08-25
478,471,112622,2023-03-22
479,94,-49686,2023-10-12
480,160,57509,2023-09-04
481,363,63051,2023-08-15
482,361,30773,2023-02-08
483,122,116314,2023-08-07
484,265,85617,2023-08-09
485,362,93544,2023-05-12
486,171,33883,2023-08-17
487,81,116158,2023-05-01
488,249,61990,2023-06-25
489,370,80082,2023-08-16
490,353,-87072,2023-05-16
491,468,110390,2023-10-29
492,8,117505,2023-02-13
493,253,60509,2023-06-19
494,442,42830,2023-06-22
495,148,58195,2023-04-10
496,23,101473,2023-09-12
497,112,59443,2023-03-07
498,194,83680,2023-07-28
499,261,48743,2023-11-26
500,399,48320,2023-11-06
